customer_id,first_name,last_name,date_of_birth,email,phone_number,address,customer_segment,onboarding_date,customer_status,customer_preferences
1,Danielle,Johnson,1955-05-25,danielle.johnson.1@hotmail.com,581-296-0013,"79402 Peterson Drives Apt. 511, Davisstad, PA 35172",Affluent,2018-12-19,Active,"{""preferred_channel"": ""Phone"", ""language"": ""en"", ""marketing_opt_in"": true, ""risk_appetite"": ""high""}"
2,Linda,Morales,2002-04-24,linda.morales.2@hotmail.com,001-653-876-7242x388,,Mass Market,2016-11-16,Active,"{""preferred_channel"": ""Branch"", ""language"": ""zh"", ""marketing_opt_in"": true, ""risk_appetite"": ""high""}"
3,Andrew,Hickman,1996-10-09,andrew.hickman.3@yahoo.com,403.491.1718,"8963 Jennifer Locks, Samuelhaven, NV 16361",Mass Market,2025-01-01,Churned,
4,Donald,White,1999-09-07,donald.white.4@gmail.com,581.808.0132x677,"PSC 2606, Box 4746, APO AP 96249",Mass Market,2020-11-03,Active,"{""preferred_channel"": ""Phone"", ""language"": ""zh"", ""marketing_opt_in"": true, ""risk_appetite"": ""low""}"
5,Joe,Wilson,1956-12-17,joe.wilson.5@hotmail.com,5917699854,"47510 Howell Port Apt. 183, Davidstad, FM 09517",Affluent,2025-02-13,Active,"{""preferred_channel"": ""Phone"", ""language"": ""es"", ""marketing_opt_in"": true, ""risk_appetite"": ""medium""}"
6,Ronald,Smith,2000-04-08,ronald.smith.6@gmail.com,+1-605-798-2620,,Mass Market,2016-12-19,Prospect,"{""preferred_channel"": ""Branch"", ""language"": ""zh"", ""marketing_opt_in"": true, ""risk_appetite"": ""low""}"
7,Benjamin,Carlson,1993-09-11,benjamin.carlson.7@yahoo.com,+1-581-769-3406x088,"514 Estrada Islands Suite 482, South Elizabeth, MS 89278",Mass Market,2019-09-03,Prospect,"{""preferred_channel"": ""Email"", ""language"": ""en"", ""marketing_opt_in"": true, ""risk_appetite"": ""low""}"
8,Grace,Stafford,2000-06-06,grace.stafford.8@yahoo.com,428.970.8317,"9868 Merritt Summit Suite 743, Katiehaven, NM 82650",Student,2024-10-27,Active,"{""preferred_channel"": ""Mobile App"", ""language"": ""en"", ""marketing_opt_in"": false, ""risk_appetite"": ""low""}"
9,Elizabeth,Yates,1997-05-16,elizabeth.yates.9@gmail.com,+1-280-669-9016x272,"5564 King Common, Smithside, AR 46371",SME,2023-06-17,Active,"{""preferred_channel"": ""Mobile App"", ""language"": ""zh"", ""marketing_opt_in"": false, ""risk_appetite"": ""medium""}"
10,Hannah,Burton,1992-09-30,hannah.burton.10@hotmail.com,+1-819-905-8651x850,"726 Jessica Run Suite 987, Grahamshire, KY 42746",Mass Market,2017-03-27,Active,"{""preferred_channel"": ""Branch"", ""language"": ""en"", ""marketing_opt_in"": true, ""risk_appetite"": ""low""}"
11,Kevin,Perkins,,kevin.perkins.11@yahoo.com,001-485-557-4443x1351,"9894 Marissa Hill Apt. 524, Lake Amandaview, AZ 07647",Mass Market,2020-12-12,Churned,"{""preferred_channel"": ""Phone"", ""language"": ""en"", ""marketing_opt_in"": true, ""risk_appetite"": ""high""}"
12,Jared,Clark,1950-11-24,jared.clark.12@gmail.com,+1-212-506-7974,"713 French Road Apt. 618, Lake Edward, KY 19144",Student,2022-10-27,Active,"{""preferred_channel"": ""Email"", ""language"": ""en"", ""marketing_opt_in"": false, ""risk_appetite"": ""high""}"
13,Tanya,Harrison,1962-01-19,tanya.harrison.13@gmail.com,(356)774-6807,"8087 Brown Path, Cindyfort, SC 58440",Mass Market,2020-04-19,Active,"{""preferred_channel"": ""Branch"", ""language"": ""zh"", ""marketing_opt_in"": true, ""risk_appetite"": ""low""}"
14,William,Hoover,1960-07-09,william.hoover.14@hotmail.com,001-872-978-7558,"USNS Pollard, FPO AE 75447",Mass Market,2019-01-17,Active,
15,Jimmy,Cohen,1955-09-09,jimmy.cohen.15@gmail.com,(411)572-4005x04556,"21969 Tyler Prairie, East Steven, KS 60737",Affluent,2019-02-02,Dormant,"{""preferred_channel"": ""Mobile App"", ""language"": ""en"", ""marketing_opt_in"": true, ""risk_appetite"": ""high""}"
16,Mary,Fuller,1984-03-03,mary.fuller.16@yahoo.com,709.652.1456x232,"4517 Donald Fork Suite 851, Smithside, DE 60110",SME,2025-04-02,Active,
17,Derek,Chavez,1990-10-02,derek.chavez.17@hotmail.com,(592)761-7964x05377,"506 Lopez Crossing Suite 139, North Kristinbury, DC 74501",Mass Market,2022-12-03,Prospect,"{""preferred_channel"": ""Email"", ""language"": ""es"", ""marketing_opt_in"": true, ""risk_appetite"": ""high""}"
18,Sonia,Williams,1999-03-05,sonia.williams.18@hotmail.com,470-307-6617x7115,"9847 Garcia Squares Apt. 836, Beasleychester, MA 59942",Mass Market,2024-01-19,Active,"{""preferred_channel"": ""Branch"", ""language"": ""en"", ""marketing_opt_in"": false, ""risk_appetite"": ""low""}"
19,Roy,Hoffman,1982-06-30,roy.hoffman.19@hotmail.com,+1-480-894-0244x5502,"83667 Moore Inlet, Kimberlyshire, PA 11636",Mass Market,2023-11-22,Active,
20,Jerry,Hansen,1964-04-20,jerry.hansen.20@yahoo.com,,"97516 John Radial Suite 816, Juliebury, MA 22538",Affluent,2022-11-24,Active,"{""preferred_channel"": ""Mobile App"", ""language"": ""en"", ""marketing_opt_in"": true, ""risk_appetite"": ""high""}"
21,Marie,Jones,1998-05-18,marie.jones.21@hotmail.com,+1-986-479-8079x359,"USCGC Garcia, FPO AA 94127",Mass Market,2024-11-10,Active,"{""preferred_channel"": ""Mobile App"", ""language"": ""zh"", ""marketing_opt_in"": false, ""risk_appetite"": ""medium""}"
22,Stacey,Osborn,1946-07-29,stacey.osborn.22@hotmail.com,(385)605-4235x73322,"880 Walter River, New Nicholas, GA 24204",Affluent,2025-05-05,Active,
23,Shannon,Palmer,1946-06-15,,,"522 Justin Village, Hortonberg, WV 92977",Mass Market,2024-07-11,Active,"{""preferred_channel"": ""Phone"", ""language"": ""en"", ""marketing_opt_in"": false, ""risk_appetite"": ""high""}"
24,Carlos,Fox,2007-06-05,carlos.fox.24@hotmail.com,3677065405,"520 Payne Via, Port Kimberly, NH 91647",Affluent,2021-04-16,Active,"{""preferred_channel"": ""Branch"", ""language"": ""en"", ""marketing_opt_in"": true, ""risk_appetite"": ""low""}"
25,Michael,Salinas,1945-11-01,michael.salinas.25@yahoo.com,769-628-4511,"75705 Hill Turnpike Apt. 165, North Douglas, PA 89379",Mass Market,2018-11-19,Active,"{""preferred_channel"": ""Branch"", ""language"": ""es"", ""marketing_opt_in"": true, ""risk_appetite"": ""high""}"
26,Shannon,Roach,1946-03-10,shannon.roach.26@hotmail.com,451-588-4422x58313,,Affluent,2020-08-31,Active,"{""preferred_channel"": ""Mobile App"", ""language"": ""es"", ""marketing_opt_in"": true, ""risk_appetite"": ""medium""}"
27,Gary,David,1985-01-04,gary.david.27@hotmail.com,+1-259-900-1094x396,"473 Evans Cliffs Apt. 276, Marshallmouth, PA 19331",SME,2017-10-04,Churned,"{""preferred_channel"": ""Phone"", ""language"": ""es"", ""marketing_opt_in"": true, ""risk_appetite"": ""medium""}"
28,William,Levy,1964-03-19,william.levy.28@gmail.com,779-274-8016x2456,"8416 Duran Harbors, East Theresafurt, MN 44945",Student,2018-05-14,Active,"{""preferred_channel"": ""Email"", ""language"": ""es"", ""marketing_opt_in"": false, ""risk_appetite"": ""medium""}"
29,Krista,Parsons,1989-04-10,krista.parsons.29@hotmail.com,728.896.2309x1307,"8970 April Points, Whitneyfort, NC 49892",Mass Market,2021-12-29,Prospect,"{""preferred_channel"": ""Branch"", ""language"": ""es"", ""marketing_opt_in"": true, ""risk_appetite"": ""high""}"
30,Amanda,Fitzpatrick,1949-07-21,amanda.fitzpatrick.30@hotmail.com,001-393-430-8330x1657,"7734 Mitchell Circle, Lake Audreyside, WA 95281",Mass Market,2023-03-07,Active,"{""preferred_channel"": ""Branch"", ""language"": ""en"", ""marketing_opt_in"": true, ""risk_appetite"": ""medium""}"
31,Mark,Morales,2006-12-22,mark.morales.31@yahoo.com,730-546-3745x49904,"4268 Vaughn Route, Michaelbury, IN 18008",Mass Market,2017-03-03,Active,"{""preferred_channel"": ""Phone"", ""language"": ""es"", ""marketing_opt_in"": true, ""risk_appetite"": ""high""}"
32,Aaron,Robinson,,aaron.robinson.32@hotmail.com,480-817-0462,"6618 Desiree Keys Apt. 286, Lake Tiffany, MP 00956",Affluent,2016-12-11,Active,"{""preferred_channel"": ""Branch"", ""language"": ""zh"", ""marketing_opt_in"": true, ""risk_appetite"": ""low""}"
33,Loretta,Young,2007-03-31,loretta.young.33@hotmail.com,964.240.8926,"Unit 6856 Box 6246, DPO AE 99383",Affluent,2024-12-23,Active,"{""preferred_channel"": ""Email"", ""language"": ""es"", ""marketing_opt_in"": true, ""risk_appetite"": ""low""}"
34,Julie,Webster,1987-07-10,julie.webster.34@hotmail.com,763.685.4678,"1753 Edwards Cape Apt. 204, Phillipsborough, MA 30650",Student,2025-05-12,Active,"{""preferred_channel"": ""Mobile App"", ""language"": ""zh"", ""marketing_opt_in"": true, ""risk_appetite"": ""low""}"
35,Carlos,Hernandez,1971-03-24,carlos.hernandez.35@gmail.com,+1-697-670-0886x008,"11823 Christine Glen Suite 461, Susanmouth, OK 32378",Affluent,2018-05-27,Active,"{""preferred_channel"": ""Email"", ""language"": ""en"", ""marketing_opt_in"": false, ""risk_appetite"": ""medium""}"
36,Leonard,Ali,1991-05-16,leonard.ali.36@hotmail.com,(714)229-3968x5621,"59996 Johnson Groves, Henrystad, OH 49708",Mass Market,2022-02-01,Active,"{""preferred_channel"": ""Phone"", ""language"": ""es"", ""marketing_opt_in"": true, ""risk_appetite"": ""high""}"
37,Jenny,Hansen,1956-09-21,jenny.hansen.37@hotmail.com,(362)424-4472,"7154 Jennifer Park Apt. 712, Adamfurt, MA 81790",Mass Market,2026-02-22,Active,"{""preferred_channel"": ""Branch"", ""language"": ""es"", ""marketing_opt_in"": true, ""risk_appetite"": ""high""}"
38,Jason,Salinas,1944-12-02,jason.salinas.38@yahoo.com,+1-872-843-4266x17979,"891 Kayla Shoals Suite 290, Rasmussenmouth, WY 56921",Mass Market,2024-07-12,Prospect,"{""preferred_channel"": ""Email"", ""language"": ""zh"", ""marketing_opt_in"": false, ""risk_appetite"": ""high""}"
39,Jennifer,Johnson,,jennifer.johnson.39@gmail.com,001-438-828-2586x7362,,Affluent,2019-08-25,Active,"{""preferred_channel"": ""Branch"", ""language"": ""es"", ""marketing_opt_in"": false, ""risk_appetite"": ""high""}"
40,Sarah,Thompson,1959-11-10,sarah.thompson.40@gmail.com,979-805-0723x68876,"2190 Kelly Harbor Apt. 842, Cunninghamfort, OH 67453",Mass Market,2017-11-19,Active,
41,Candice,Jackson,1960-02-13,candice.jackson.41@hotmail.com,581-826-0422x325,,Mass Market,2026-01-03,Churned,"{""preferred_channel"": ""Phone"", ""language"": ""en"", ""marketing_opt_in"": false, ""risk_appetite"": ""high""}"
42,James,Barker,1984-06-01,james.barker.42@gmail.com,315-341-5206x436,"29387 Alan Junctions Apt. 627, East Patrickville, CT 41572",Affluent,2017-07-14,Active,"{""preferred_channel"": ""Branch"", ""language"": ""es"", ""marketing_opt_in"": false, ""risk_appetite"": ""medium""}"
43,Stephanie,Simpson,1974-03-11,stephanie.simpson.43@hotmail.com,780-455-2696,"91043 Sandra Turnpike, Hunterhaven, WI 54952",Mass Market,2017-05-05,Active,"{""preferred_channel"": ""Email"", ""language"": ""es"", ""marketing_opt_in"": false, ""risk_appetite"": ""low""}"
44,Morgan,Quinn,2001-05-30,morgan.quinn.44@yahoo.com,(448)714-9177x85079,"138 Bradley Wall, East Brandonstad, MS 20172",Affluent,2017-05-25,Active,"{""preferred_channel"": ""Email"", ""language"": ""zh"", ""marketing_opt_in"": true, ""risk_appetite"": ""high""}"
45,Kathleen,Sanchez,1968-02-07,kathleen.sanchez.45@gmail.com,+1-550-850-6413,"41038 Haynes Landing, Villegasland, OR 13028",Mass Market,2016-04-12,Dormant,"{""preferred_channel"": ""Phone"", ""language"": ""zh"", ""marketing_opt_in"": false, ""risk_appetite"": ""high""}"
46,Jason,Gates,1988-07-30,jason.gates.46@yahoo.com,(980)344-2067x8831,"00323 Watson Roads, New Brendaland, AK 08951",Mass Market,2017-09-12,Dormant,"{""preferred_channel"": ""Email"", ""language"": ""es"", ""marketing_opt_in"": true, ""risk_appetite"": ""medium""}"
47,Joshua,Taylor,2000-05-17,joshua.taylor.47@hotmail.com,780.865.7875,,Mass Market,2018-03-18,Active,"{""preferred_channel"": ""Email"", ""language"": ""es"", ""marketing_opt_in"": true, ""risk_appetite"": ""low""}"
48,Samantha,Richard,1941-09-16,samantha.richard.48@hotmail.com,001-721-485-1569x154,"Unit 6752 Box 8953, DPO AP 77695",Mass Market,2019-06-15,Active,"{""preferred_channel"": ""Phone"", ""language"": ""es"", ""marketing_opt_in"": true, ""risk_appetite"": ""medium""}"
49,Daniel,Smith,1990-01-13,daniel.smith.49@gmail.com,(676)258-6179x32710,"52621 Matthew Ridges, Bushchester, SD 22127",Affluent,2020-01-28,Active,"{""preferred_channel"": ""Branch"", ""language"": ""en"", ""marketing_opt_in"": true, ""risk_appetite"": ""medium""}"
50,Kristen,Ruiz,1958-03-28,kristen.ruiz.50@hotmail.com,+1-662-956-5270,"9021 Elizabeth Valley, Arellanoshire, IN 73062",Mass Market,2025-03-01,Active,"{""preferred_channel"": ""Branch"", ""language"": ""es"", ""marketing_opt_in"": true, ""risk_appetite"": ""low""}"
51,Stephen,Marks,1982-08-02,stephen.marks.51@hotmail.com,,"970 Joshua Divide Suite 065, North Julie, PW 35704",Mass Market,2024-01-31,Active,"{""preferred_channel"": ""Branch"", ""language"": ""en"", ""marketing_opt_in"": true, ""risk_appetite"": ""medium""}"
52,Kimberly,Warren,1952-01-13,kimberly.warren.52@gmail.com,9308705345,"035 Wheeler Fall, Matthewsstad, MI 21933",Affluent,2021-11-26,Active,"{""preferred_channel"": ""Branch"", ""language"": ""en"", ""marketing_opt_in"": true, ""risk_appetite"": ""medium""}"
53,Johnathan,Owens,1996-04-09,johnathan.owens.53@yahoo.com,001-610-385-8994,"5444 Edward Track Apt. 096, Erintown, SD 65692",Student,2022-12-27,Active,"{""preferred_channel"": ""Mobile App"", ""language"": ""zh"", ""marketing_opt_in"": false, ""risk_appetite"": ""low""}"
54,Cynthia,Carpenter,1972-04-30,cynthia.carpenter.54@gmail.com,,"75250 Shannon Fords, New Kathy, NM 12040",Mass Market,2022-06-04,Active,"{""preferred_channel"": ""Email"", ""language"": ""es"", ""marketing_opt_in"": true, ""risk_appetite"": ""medium""}"
55,Frederick,Meadows,1941-07-09,frederick.meadows.55@gmail.com,001-223-209-8215x0648,"16761 Wells Drives, Lake Gina, AL 39968",Mass Market,2024-05-03,Active,"{""preferred_channel"": ""Phone"", ""language"": ""en"", ""marketing_opt_in"": true, ""risk_appetite"": ""low""}"
56,Jennifer,Garcia,1955-12-09,jennifer.garcia.56@yahoo.com,270-212-0455x611,"5794 Nathan Junctions, North Richard, NH 36130",Affluent,2018-10-10,Churned,"{""preferred_channel"": ""Email"", ""language"": ""es"", ""marketing_opt_in"": true, ""risk_appetite"": ""low""}"
57,Jeffrey,Sosa,1975-07-08,jeffrey.sosa.57@hotmail.com,001-291-463-7562x890,"2175 Mark Harbors Apt. 838, Powellbury, CO 60675",SME,2024-12-12,Active,"{""preferred_channel"": ""Email"", ""language"": ""es"", ""marketing_opt_in"": true, ""risk_appetite"": ""high""}"
58,Christine,Kennedy,1988-11-25,,330-255-4885,"PSC 7261, Box 4933, APO AE 51998",SME,2022-10-15,Active,"{""preferred_channel"": ""Email"", ""language"": ""es"", ""marketing_opt_in"": false, ""risk_appetite"": ""medium""}"
59,Shawn,Anderson,1987-10-27,shawn.anderson.59@hotmail.com,748.358.3339x45228,,SME,2020-05-05,Active,"{""preferred_channel"": ""Email"", ""language"": ""es"", ""marketing_opt_in"": true, ""risk_appetite"": ""high""}"
60,Charles,Rivers,1948-05-02,charles.rivers.60@gmail.com,(748)242-2940x57202,"9851 Fox Ferry Apt. 826, Davisbury, FM 28465",Mass Market,2023-07-27,Active,"{""preferred_channel"": ""Mobile App"", ""language"": ""en"", ""marketing_opt_in"": false, ""risk_appetite"": ""high""}"
61,Kenneth,Pearson,1945-10-26,kenneth.pearson.61@gmail.com,(588)801-3361,"207 Johnson Cliffs, East Lauraside, CA 75862",Student,2019-06-03,Active,"{""preferred_channel"": ""Mobile App"", ""language"": ""zh"", ""marketing_opt_in"": false, ""risk_appetite"": ""medium""}"
62,Amanda,Taylor,1994-06-13,amanda.taylor.62@hotmail.com,824-350-8821x0099,"68222 Christina Glen Apt. 129, Port Karenside, NH 84999",Mass Market,2020-02-16,Active,"{""preferred_channel"": ""Branch"", ""language"": ""en"", ""marketing_opt_in"": true, ""risk_appetite"": ""medium""}"
63,Andrea,Thompson,1997-06-17,andrea.thompson.63@gmail.com,+1-834-511-0809,"PSC 8488, Box 7256, APO AE 77781",Mass Market,2022-04-14,Active,"{""preferred_channel"": ""Phone"", ""language"": ""zh"", ""marketing_opt_in"": false, ""risk_appetite"": ""medium""}"
64,Jim,Barnett,1994-01-14,jim.barnett.64@yahoo.com,870.805.1844x9892,"463 Gomez Ways, Tommyfort, FM 79696",Mass Market,2021-05-24,Active,"{""preferred_channel"": ""Email"", ""language"": ""zh"", ""marketing_opt_in"": false, ""risk_appetite"": ""medium""}"
65,Tanya,Walsh,1989-09-20,tanya.walsh.65@yahoo.com,437-497-7236,"57991 Nicholas Curve Apt. 038, Serranoville, HI 62874",Affluent,2025-01-01,Prospect,"{""preferred_channel"": ""Email"", ""language"": ""en"", ""marketing_opt_in"": true, ""risk_appetite"": ""medium""}"
66,Alexandra,Meyer,1954-03-09,alexandra.meyer.66@yahoo.com,(851)526-9448x69594,"58874 Lane Trail Suite 213, Loganburgh, CT 28610",Affluent,2019-12-19,Active,"{""preferred_channel"": ""Phone"", ""language"": ""zh"", ""marketing_opt_in"": false, ""risk_appetite"": ""medium""}"
67,Kristen,Dixon,1982-01-19,kristen.dixon.67@hotmail.com,8538021465,"118 Barber Points, Michaelview, IN 79978",Student,2023-03-15,Churned,"{""preferred_channel"": ""Mobile App"", ""language"": ""es"", ""marketing_opt_in"": false, ""risk_appetite"": ""high""}"
68,Cynthia,Gamble,1955-11-08,cynthia.gamble.68@yahoo.com,,"37333 Clark Flats Apt. 952, North Samanthafort, RI 01369",Mass Market,2022-12-26,Active,"{""preferred_channel"": ""Branch"", ""language"": ""en"", ""marketing_opt_in"": true, ""risk_appetite"": ""high""}"
69,Craig,Ward,1952-12-11,craig.ward.69@yahoo.com,547.895.5276,"6472 Tiffany Spur Apt. 143, Chaseborough, FL 97303",Mass Market,2024-11-01,Active,"{""preferred_channel"": ""Phone"", ""language"": ""es"", ""marketing_opt_in"": true, ""risk_appetite"": ""low""}"
70,Greg,Deleon,1985-12-30,greg.deleon.70@yahoo.com,001-371-369-4722x56996,"5449 Nelson Mills, Juliehaven, NV 54763",Mass Market,2019-10-08,Churned,
71,Theresa,Fernandez,1970-06-20,theresa.fernandez.71@hotmail.com,+1-629-797-9688,"74564 Kevin Alley, West Justin, ND 01591",SME,2018-12-10,Active,"{""preferred_channel"": ""Mobile App"", ""language"": ""zh"", ""marketing_opt_in"": false, ""risk_appetite"": ""high""}"
72,Stanley,Chavez,,stanley.chavez.72@yahoo.com,,"20735 Collins Union, Boltonmouth, UT 04660",Mass Market,2023-03-22,Active,"{""preferred_channel"": ""Branch"", ""language"": ""zh"", ""marketing_opt_in"": true, ""risk_appetite"": ""high""}"
73,Elizabeth,Mcpherson,1969-09-28,elizabeth.mcpherson.73@gmail.com,(949)416-3009,"27195 Brian Rue, Lake Amanda, CT 16993",Mass Market,2018-07-29,Active,"{""preferred_channel"": ""Branch"", ""language"": ""en"", ""marketing_opt_in"": false, ""risk_appetite"": ""medium""}"
74,Christine,Diaz,1962-01-10,christine.diaz.74@gmail.com,+1-386-338-7829x45651,"03173 Anthony Row, Barretthaven, RI 92423",Mass Market,2022-06-02,Active,"{""preferred_channel"": ""Mobile App"", ""language"": ""en"", ""marketing_opt_in"": false, ""risk_appetite"": ""low""}"
75,Julie,Miranda,1986-01-31,julie.miranda.75@hotmail.com,+1-761-722-8685x28975,"659 Anna Forest Suite 845, Westfurt, AL 95700",Mass Market,2021-12-25,Active,
76,Rachel,Warner,1946-09-14,rachel.warner.76@hotmail.com,209-861-0556x6139,,SME,2024-05-30,Active,"{""preferred_channel"": ""Branch"", ""language"": ""zh"", ""marketing_opt_in"": true, ""risk_appetite"": ""medium""}"
77,Diana,Carrillo,1963-12-31,diana.carrillo.77@yahoo.com,+1-427-603-3521x103,"7705 Jody Forest, New Alexandra, KS 72433",Mass Market,2017-11-28,Active,"{""preferred_channel"": ""Branch"", ""language"": ""es"", ""marketing_opt_in"": true, ""risk_appetite"": ""high""}"
78,Ann,Marquez,2002-12-07,ann.marquez.78@yahoo.com,876-220-5554x38404,"USNV Perez, FPO AA 51992",SME,2016-08-12,Active,
79,Jessica,Cannon,1968-05-16,,574-523-1220x9949,"1728 Joseph Landing, Port Paul, NJ 18525",Mass Market,2025-01-07,Churned,
80,Sydney,Lee,2000-05-10,,326.449.0827x718,"6570 Shawn Station, South Christopher, MD 91165",SME,2020-08-11,Active,"{""preferred_channel"": ""Branch"", ""language"": ""en"", ""marketing_opt_in"": true, ""risk_appetite"": ""low""}"
81,Melissa,Stephens,2000-03-29,melissa.stephens.81@gmail.com,,"830 Eddie Shoal Suite 020, Markland, AR 14773",Mass Market,2016-04-10,Prospect,"{""preferred_channel"": ""Branch"", ""language"": ""en"", ""marketing_opt_in"": true, ""risk_appetite"": ""low""}"
82,Vanessa,Webb,2003-09-22,vanessa.webb.82@hotmail.com,969-954-8995x2997,"430 Andrew Road, Lake Melaniechester, MT 06463",SME,2023-02-07,Active,"{""preferred_channel"": ""Mobile App"", ""language"": ""es"", ""marketing_opt_in"": true, ""risk_appetite"": ""high""}"
83,Kristen,Gutierrez,1997-01-02,kristen.gutierrez.83@yahoo.com,001-358-480-3955,"6829 Lopez Crescent, Janetmouth, VT 04646",SME,2023-08-23,Active,"{""preferred_channel"": ""Mobile App"", ""language"": ""es"", ""marketing_opt_in"": false, ""risk_appetite"": ""medium""}"
84,Michelle,Wilson,1943-03-19,michelle.wilson.84@hotmail.com,657-501-8409,"4857 Joseph Estate, Dannyside, NY 13919",Mass Market,2019-04-30,Active,"{""preferred_channel"": ""Email"", ""language"": ""en"", ""marketing_opt_in"": false, ""risk_appetite"": ""low""}"
85,Lisa,Miller,1992-03-14,lisa.miller.85@hotmail.com,(517)417-4773,"6255 Freeman Circles Suite 157, Singletonport, WI 46194",Mass Market,2025-06-11,Dormant,"{""preferred_channel"": ""Email"", ""language"": ""es"", ""marketing_opt_in"": false, ""risk_appetite"": ""medium""}"
86,Chad,Rodriguez,1992-09-01,chad.rodriguez.86@yahoo.com,970-513-2902x27846,"9465 Brandi Ridge Suite 240, Rachelton, AL 92691",Mass Market,2024-05-10,Active,"{""preferred_channel"": ""Phone"", ""language"": ""en"", ""marketing_opt_in"": true, ""risk_appetite"": ""high""}"
87,Kristina,Munoz,1952-06-11,kristina.munoz.87@hotmail.com,(687)865-3269x09738,"PSC 9500, Box 9751, APO AP 63616",Affluent,2020-06-22,Active,"{""preferred_channel"": ""Branch"", ""language"": ""en"", ""marketing_opt_in"": false, ""risk_appetite"": ""low""}"
88,Jo,Johnson,,jo.johnson.88@gmail.com,442-994-4401x929,"3728 Matthew Corner, New Sarah, FL 65505",Student,2021-01-23,Dormant,"{""preferred_channel"": ""Mobile App"", ""language"": ""zh"", ""marketing_opt_in"": false, ""risk_appetite"": ""high""}"
89,Samantha,Walsh,1969-07-31,samantha.walsh.89@hotmail.com,754-441-4967x393,"010 Davis Cove, Bellport, KS 25808",Mass Market,2025-10-11,Active,"{""preferred_channel"": ""Mobile App"", ""language"": ""en"", ""marketing_opt_in"": false, ""risk_appetite"": ""low""}"
90,Stephanie,Baker,1973-08-27,stephanie.baker.90@gmail.com,+1-662-371-2863x917,"470 Hernandez Route, North Elizabethview, FL 92258",SME,2020-08-15,Active,"{""preferred_channel"": ""Mobile App"", ""language"": ""en"", ""marketing_opt_in"": true, ""risk_appetite"": ""high""}"
91,Anthony,Davies,1966-08-27,anthony.davies.91@hotmail.com,,"USNS Figueroa, FPO AE 09942",SME,2018-08-08,Active,"{""preferred_channel"": ""Email"", ""language"": ""en"", ""marketing_opt_in"": true, ""risk_appetite"": ""high""}"
92,Jason,Williams,1944-07-08,jason.williams.92@yahoo.com,(262)458-2739,"07100 Sara Squares Suite 672, East Danielle, NC 59538",Student,2017-12-13,Dormant,"{""preferred_channel"": ""Phone"", ""language"": ""es"", ""marketing_opt_in"": true, ""risk_appetite"": ""low""}"
93,Justin,Hamilton,1994-12-20,justin.hamilton.93@yahoo.com,3103822078,"PSC 7995, Box 6353, APO AE 43247",Affluent,2019-07-24,Active,"{""preferred_channel"": ""Email"", ""language"": ""en"", ""marketing_opt_in"": false, ""risk_appetite"": ""high""}"
94,Jeffrey,Phillips,1994-04-01,jeffrey.phillips.94@hotmail.com,,"335 Riley Ramp Apt. 906, North Vickiehaven, AZ 56298",Student,2017-10-13,Active,"{""preferred_channel"": ""Phone"", ""language"": ""en"", ""marketing_opt_in"": true, ""risk_appetite"": ""low""}"
95,Joseph,Shah,1994-03-30,joseph.shah.95@hotmail.com,795-908-5016,"2818 Devon Isle Apt. 817, Port Julie, IN 42504",Mass Market,2021-08-22,Active,"{""preferred_channel"": ""Mobile App"", ""language"": ""zh"", ""marketing_opt_in"": true, ""risk_appetite"": ""medium""}"
96,Amber,Anderson,1970-05-27,amber.anderson.96@hotmail.com,7437103856,"4924 Kristina Forks Suite 540, West Justin, GA 81586",Affluent,2019-09-07,Dormant,"{""preferred_channel"": ""Mobile App"", ""language"": ""en"", ""marketing_opt_in"": false, ""risk_appetite"": ""high""}"
97,Stephen,Flores,,stephen.flores.97@hotmail.com,,"5150 Brandy Forges, Jamesland, ND 58888",Mass Market,2016-04-04,Active,"{""preferred_channel"": ""Phone"", ""language"": ""es"", ""marketing_opt_in"": true, ""risk_appetite"": ""medium""}"
98,Sarah,Garza,,sarah.garza.98@hotmail.com,962-287-9232x648,"478 Walker Turnpike Apt. 244, Martinezport, MT 24011",Student,2019-12-22,Active,"{""preferred_channel"": ""Email"", ""language"": ""es"", ""marketing_opt_in"": true, ""risk_appetite"": ""high""}"
99,James,Burton,,james.burton.99@gmail.com,+1-755-444-5189,"7652 Jeffery Parkway Apt. 389, South Stevenland, DE 17701",Mass Market,2023-11-12,Dormant,"{""preferred_channel"": ""Phone"", ""language"": ""zh"", ""marketing_opt_in"": true, ""risk_appetite"": ""high""}"
100,Karen,Patton,1954-03-09,karen.patton.100@gmail.com,(450)512-4955,"90833 Jackson Throughway, Lake Coreyborough, PW 66586",Mass Market,2025-06-02,Active,"{""preferred_channel"": ""Phone"", ""language"": ""zh"", ""marketing_opt_in"": true, ""risk_appetite"": ""high""}"
101,Patricia,Lang,1965-03-16,patricia.lang.101@gmail.com,+1-371-767-8112x66912,"Unit 5396 Box 1367, DPO AA 94020",Affluent,2025-08-10,Active,"{""preferred_channel"": ""Phone"", ""language"": ""es"", ""marketing_opt_in"": false, ""risk_appetite"": ""high""}"
102,Kelly,Jimenez,,kelly.jimenez.102@hotmail.com,+1-900-961-6756,"427 Taylor Stravenue, Freemanville, OK 88977",Affluent,2021-04-07,Dormant,"{""preferred_channel"": ""Mobile App"", ""language"": ""zh"", ""marketing_opt_in"": false, ""risk_appetite"": ""high""}"
103,Larry,Miller,1999-04-22,larry.miller.103@gmail.com,220-785-0769x86407,"9171 Matthew Parkway Suite 294, Taraborough, NM 83789",Mass Market,2023-02-05,Active,"{""preferred_channel"": ""Mobile App"", ""language"": ""zh"", ""marketing_opt_in"": false, ""risk_appetite"": ""high""}"
104,Amy,Ibarra,1975-04-28,amy.ibarra.104@gmail.com,001-273-574-8969,"24665 Cynthia Vista, Adamsport, SD 21549",SME,2022-06-30,Dormant,"{""preferred_channel"": ""Branch"", ""language"": ""zh"", ""marketing_opt_in"": true, ""risk_appetite"": ""medium""}"
105,Daniel,Navarro,1975-09-17,daniel.navarro.105@hotmail.com,001-584-471-3915x59636,"7649 Tracy Landing, West Amyfort, TX 32790",Mass Market,2025-07-19,Dormant,"{""preferred_channel"": ""Email"", ""language"": ""en"", ""marketing_opt_in"": true, ""risk_appetite"": ""high""}"
106,Marvin,Henderson,1947-01-17,marvin.henderson.106@gmail.com,001-448-915-6985x700,"63459 Daniel Gateway, Port Brooke, MT 42365",Mass Market,2025-05-27,Active,"{""preferred_channel"": ""Email"", ""language"": ""es"", ""marketing_opt_in"": true, ""risk_appetite"": ""low""}"
107,Edward,Rubio,,edward.rubio.107@gmail.com,001-886-477-1333x447,"343 White Turnpike, North Kelly, KS 31366",Mass Market,2017-12-01,Active,
108,Anita,Carpenter,1974-06-22,anita.carpenter.108@yahoo.com,921.658.6241x502,"4948 Graham Expressway Suite 728, Brownberg, AR 30629",Student,2018-10-26,Dormant,"{""preferred_channel"": ""Phone"", ""language"": ""en"", ""marketing_opt_in"": true, ""risk_appetite"": ""medium""}"
109,David,Brooks,1947-06-07,david.brooks.109@yahoo.com,(701)277-7490,"9230 Morris Centers Apt. 896, South Jonathanbury, WI 52787",Mass Market,2025-07-05,Active,"{""preferred_channel"": ""Branch"", ""language"": ""zh"", ""marketing_opt_in"": false, ""risk_appetite"": ""high""}"
110,Gina,Moore,1983-01-11,gina.moore.110@hotmail.com,647-561-7422,,Affluent,2021-03-03,Active,"{""preferred_channel"": ""Email"", ""language"": ""zh"", ""marketing_opt_in"": true, ""risk_appetite"": ""high""}"
111,Jessica,Turner,1982-02-27,jessica.turner.111@hotmail.com,,"47276 Darren Drives, Maynardfort, AK 59419",Mass Market,2024-05-07,Active,"{""preferred_channel"": ""Phone"", ""language"": ""en"", ""marketing_opt_in"": false, ""risk_appetite"": ""high""}"
112,Keith,Lee,1956-01-01,keith.lee.112@gmail.com,001-959-472-4665,"172 James Rest Suite 167, Jimmyside, AR 02877",Mass Market,2019-08-28,Active,"{""preferred_channel"": ""Mobile App"", ""language"": ""es"", ""marketing_opt_in"": true, ""risk_appetite"": ""high""}"
113,Lauren,Estes,2006-06-30,lauren.estes.113@hotmail.com,+1-918-908-1213x524,,Mass Market,2023-10-10,Dormant,"{""preferred_channel"": ""Email"", ""language"": ""zh"", ""marketing_opt_in"": true, ""risk_appetite"": ""low""}"
114,Edward,Andrews,2006-11-11,edward.andrews.114@hotmail.com,946.568.4550x48926,"563 Miller Plain Suite 628, Jasonhaven, OH 41428",SME,2025-12-29,Active,"{""preferred_channel"": ""Phone"", ""language"": ""zh"", ""marketing_opt_in"": true, ""risk_appetite"": ""high""}"
115,Jennifer,Stone,1962-07-06,jennifer.stone.115@hotmail.com,257.812.6611,"71586 Wiggins Prairie Suite 677, Colonberg, NY 17163",SME,2018-09-10,Active,"{""preferred_channel"": ""Email"", ""language"": ""zh"", ""marketing_opt_in"": true, ""risk_appetite"": ""medium""}"
116,Monica,Butler,1978-09-09,monica.butler.116@yahoo.com,(879)822-8777x2519,"8074 Michelle Station Apt. 948, Lake Anitaborough, RI 71520",Mass Market,2021-12-12,Active,"{""preferred_channel"": ""Branch"", ""language"": ""zh"", ""marketing_opt_in"": true, ""risk_appetite"": ""low""}"
117,Douglas,Scott,1961-01-29,douglas.scott.117@yahoo.com,,"33993 Romero Parkways, Averyview, AR 42225",Mass Market,2017-02-10,Prospect,"{""preferred_channel"": ""Phone"", ""language"": ""zh"", ""marketing_opt_in"": false, ""risk_appetite"": ""medium""}"
118,Aaron,Mahoney,1980-11-15,aaron.mahoney.118@hotmail.com,(853)398-4028x9141,,Mass Market,2021-01-14,Active,"{""preferred_channel"": ""Email"", ""language"": ""en"", ""marketing_opt_in"": true, ""risk_appetite"": ""low""}"
119,Julia,Chang,1988-06-11,julia.chang.119@gmail.com,,"49872 Donna Port Apt. 192, East Jordanshire, PR 30380",Mass Market,2023-01-09,Dormant,"{""preferred_channel"": ""Branch"", ""language"": ""zh"", ""marketing_opt_in"": true, ""risk_appetite"": ""medium""}"
120,Jeremiah,Norris,2002-07-29,jeremiah.norris.120@gmail.com,(754)611-0760,"50583 Kimberly River Suite 179, North Territon, MS 41563",Mass Market,2025-10-17,Active,"{""preferred_channel"": ""Phone"", ""language"": ""zh"", ""marketing_opt_in"": false, ""risk_appetite"": ""medium""}"
121,Jennifer,Watkins,2001-09-18,jennifer.watkins.121@gmail.com,+1-484-656-7972x3200,"9822 Parker Junctions Suite 508, North John, GU 73829",Student,2024-08-16,Churned,"{""preferred_channel"": ""Phone"", ""language"": ""zh"", ""marketing_opt_in"": true, ""risk_appetite"": ""high""}"
122,Jack,Fritz,1945-03-26,jack.fritz.122@gmail.com,+1-212-547-3950,"42583 James Fall, Reneetown, MP 89296",Mass Market,2019-11-05,Active,"{""preferred_channel"": ""Branch"", ""language"": ""en"", ""marketing_opt_in"": false, ""risk_appetite"": ""low""}"
123,Kristen,Gibbs,1951-08-09,kristen.gibbs.123@yahoo.com,001-885-278-7255x87774,"3634 Oneal Ports, Port Neil, OH 11610",Student,2022-05-14,Active,"{""preferred_channel"": ""Email"", ""language"": ""es"", ""marketing_opt_in"": false, ""risk_appetite"": ""low""}"
124,John,Mcgee,1997-09-16,john.mcgee.124@gmail.com,001-292-984-0445x669,"3337 Zachary Turnpike, Sharpmouth, MA 11756",SME,2023-11-26,Active,"{""preferred_channel"": ""Branch"", ""language"": ""en"", ""marketing_opt_in"": true, ""risk_appetite"": ""low""}"
125,Thomas,Murphy,1983-09-02,thomas.murphy.125@yahoo.com,421-582-0970,"3348 Shawn Land Apt. 256, Mooreville, DC 70814",Mass Market,2025-11-01,Active,"{""preferred_channel"": ""Mobile App"", ""language"": ""es"", ""marketing_opt_in"": true, ""risk_appetite"": ""high""}"
126,Gregory,Wright,,gregory.wright.126@yahoo.com,(929)816-0324x8413,"Unit 8151 Box 1856, DPO AA 22106",Affluent,2025-03-20,Prospect,"{""preferred_channel"": ""Phone"", ""language"": ""zh"", ""marketing_opt_in"": true, ""risk_appetite"": ""low""}"
127,Chris,Gallagher,1950-08-28,,,"63353 Christopher Manor, North Matthewborough, TX 88181",Affluent,2022-12-28,Active,"{""preferred_channel"": ""Phone"", ""language"": ""es"", ""marketing_opt_in"": true, ""risk_appetite"": ""high""}"
128,Nicole,Jenkins,1974-03-10,nicole.jenkins.128@gmail.com,001-789-924-1956x252,"976 Wesley Squares, East Andrewville, ME 31485",Affluent,2023-11-22,Active,"{""preferred_channel"": ""Phone"", ""language"": ""zh"", ""marketing_opt_in"": false, ""risk_appetite"": ""medium""}"
129,Grace,Ball,1966-02-27,grace.ball.129@yahoo.com,(570)417-1302,"81674 Jennifer Gardens, Thompsonbury, ME 37902",Mass Market,2022-04-19,Active,"{""preferred_channel"": ""Phone"", ""language"": ""es"", ""marketing_opt_in"": false, ""risk_appetite"": ""medium""}"
130,James,Hendricks,1998-10-23,james.hendricks.130@hotmail.com,001-257-366-6567x4916,"64587 Horton Run, Housebury, IA 63117",Mass Market,2016-04-04,Active,"{""preferred_channel"": ""Email"", ""language"": ""es"", ""marketing_opt_in"": true, ""risk_appetite"": ""low""}"
131,Maxwell,Thomas,2003-06-17,maxwell.thomas.131@yahoo.com,001-840-427-0116x864,"237 Wayne Creek, Bradleyborough, HI 26838",Affluent,2023-09-15,Prospect,
132,Ruben,Wood,2008-03-07,ruben.wood.132@gmail.com,(266)390-5510x762,"357 Robertson Shore Apt. 050, Morganmouth, TX 58737",Affluent,2025-02-12,Active,"{""preferred_channel"": ""Phone"", ""language"": ""en"", ""marketing_opt_in"": true, ""risk_appetite"": ""medium""}"
133,Elizabeth,Lynn,1985-06-21,,+1-571-553-9915x6686,"11593 Ashley Crossroad Suite 690, Bryanside, ID 51376",SME,2022-12-03,Active,"{""preferred_channel"": ""Phone"", ""language"": ""en"", ""marketing_opt_in"": true, ""risk_appetite"": ""high""}"
134,Sarah,Walker,2002-12-29,sarah.walker.134@gmail.com,364.620.8656x7566,"861 Marcus Turnpike, Port Sarahport, NH 86305",SME,2023-07-29,Active,"{""preferred_channel"": ""Phone"", ""language"": ""en"", ""marketing_opt_in"": true, ""risk_appetite"": ""high""}"
135,Julie,Parsons,1985-10-30,,001-276-947-5011x11783,"267 Evans Crossroad, West Bryanside, HI 53628",Mass Market,2026-02-16,Active,"{""preferred_channel"": ""Mobile App"", ""language"": ""es"", ""marketing_opt_in"": true, ""risk_appetite"": ""high""}"
136,Sophia,Stone,1985-01-15,sophia.stone.136@yahoo.com,(597)358-5988,"03243 Carrie Forge, Joshuachester, CA 72570",Mass Market,2024-01-17,Active,"{""preferred_channel"": ""Email"", ""language"": ""en"", ""marketing_opt_in"": false, ""risk_appetite"": ""low""}"
137,Nicholas,Novak,1947-05-11,nicholas.novak.137@gmail.com,(684)697-1859,"56258 Woods Crossroad, Alberthaven, VT 20881",Mass Market,2020-01-02,Active,"{""preferred_channel"": ""Email"", ""language"": ""zh"", ""marketing_opt_in"": false, ""risk_appetite"": ""high""}"
138,Lindsey,Smith,1986-04-04,lindsey.smith.138@hotmail.com,(577)288-1609,"89097 Emily Track Apt. 215, New Michael, AR 55908",Mass Market,2025-09-13,Active,"{""preferred_channel"": ""Phone"", ""language"": ""zh"", ""marketing_opt_in"": false, ""risk_appetite"": ""high""}"
139,Allison,Roach,2002-04-23,allison.roach.139@gmail.com,(443)676-5456,"722 Burgess Avenue Suite 313, Billyfurt, MT 98008",Mass Market,2020-04-28,Churned,"{""preferred_channel"": ""Phone"", ""language"": ""es"", ""marketing_opt_in"": false, ""risk_appetite"": ""high""}"
140,Katie,Lin,,katie.lin.140@yahoo.com,,"3260 Christopher Center, Russellport, UT 83510",Affluent,2026-02-28,Active,"{""preferred_channel"": ""Email"", ""language"": ""es"", ""marketing_opt_in"": false, ""risk_appetite"": ""low""}"
141,Lisa,Paul,1981-05-04,,+1-543-996-1129x1093,"PSC 1895, Box 4738, APO AP 20643",SME,2022-02-08,Active,"{""preferred_channel"": ""Phone"", ""language"": ""en"", ""marketing_opt_in"": true, ""risk_appetite"": ""high""}"
142,Adam,Armstrong,1940-10-27,adam.armstrong.142@hotmail.com,288.544.3448x123,"2403 Amanda Alley, Cynthiastad, MD 11412",Mass Market,2022-02-19,Active,"{""preferred_channel"": ""Branch"", ""language"": ""en"", ""marketing_opt_in"": false, ""risk_appetite"": ""low""}"
143,Scott,Nguyen,1983-01-17,scott.nguyen.143@yahoo.com,(473)965-2717,"97240 Martin Fall, Mcdanielborough, CA 19312",Mass Market,2018-04-03,Dormant,"{""preferred_channel"": ""Branch"", ""language"": ""zh"", ""marketing_opt_in"": false, ""risk_appetite"": ""low""}"
144,Matthew,Zimmerman,1972-11-20,matthew.zimmerman.144@hotmail.com,224.257.2308x481,"86203 Jeremy Lights Apt. 543, Mcdanielville, NM 22725",Mass Market,2018-03-29,Dormant,"{""preferred_channel"": ""Phone"", ""language"": ""en"", ""marketing_opt_in"": true, ""risk_appetite"": ""high""}"
145,Becky,Moyer,1946-05-15,becky.moyer.145@gmail.com,(765)457-6769,"6878 Patel View, South Christopher, VT 55792",Mass Market,2019-01-01,Active,"{""preferred_channel"": ""Mobile App"", ""language"": ""es"", ""marketing_opt_in"": true, ""risk_appetite"": ""medium""}"
146,Nathan,Miles,1945-03-27,nathan.miles.146@hotmail.com,(802)452-1310,"284 Jenkins Junction Suite 041, North Nicole, AZ 79691",Affluent,2022-11-05,Active,"{""preferred_channel"": ""Email"", ""language"": ""zh"", ""marketing_opt_in"": true, ""risk_appetite"": ""medium""}"
147,Joseph,Garcia,1993-03-05,joseph.garcia.147@yahoo.com,2346281139,"034 Tiffany Port, New Valeriefort, AZ 06798",Mass Market,2019-11-04,Active,"{""preferred_channel"": ""Phone"", ""language"": ""es"", ""marketing_opt_in"": true, ""risk_appetite"": ""high""}"
148,Denise,Conrad,1993-08-15,denise.conrad.148@yahoo.com,959-360-6339x9129,"8171 Edwards Hill, North Joshua, MN 46817",Affluent,2019-08-19,Prospect,"{""preferred_channel"": ""Phone"", ""language"": ""zh"", ""marketing_opt_in"": true, ""risk_appetite"": ""medium""}"
149,Charles,Price,1946-07-30,charles.price.149@yahoo.com,387.711.2166x365,"71470 Stacy Drive Apt. 590, Brownstad, WY 56876",Student,2020-11-02,Dormant,"{""preferred_channel"": ""Branch"", ""language"": ""en"", ""marketing_opt_in"": false, ""risk_appetite"": ""high""}"
150,Ashley,Morrow,2000-12-29,ashley.morrow.150@gmail.com,499-925-5027,"648 Vanessa Village, Lake Shannon, OR 13273",Student,2021-10-28,Active,"{""preferred_channel"": ""Branch"", ""language"": ""en"", ""marketing_opt_in"": true, ""risk_appetite"": ""high""}"
151,Justin,Keller,,justin.keller.151@hotmail.com,,"463 Kimberly Plaza, Wilsonfort, DE 46456",Mass Market,2023-01-08,Active,"{""preferred_channel"": ""Mobile App"", ""language"": ""zh"", ""marketing_opt_in"": true, ""risk_appetite"": ""medium""}"
152,Laurie,Gordon,1993-07-20,laurie.gordon.152@hotmail.com,282-353-1106x092,"275 John Forges, Jamesbury, VA 50060",Affluent,2022-07-13,Active,"{""preferred_channel"": ""Mobile App"", ""language"": ""en"", ""marketing_opt_in"": false, ""risk_appetite"": ""medium""}"
153,Rebecca,Keller,1998-05-06,rebecca.keller.153@gmail.com,257-499-8028x41390,"30523 Jessica Crossroad Suite 473, West Jeanport, NH 98175",Mass Market,2022-07-12,Prospect,"{""preferred_channel"": ""Email"", ""language"": ""es"", ""marketing_opt_in"": true, ""risk_appetite"": ""high""}"
154,Michael,Jones,1965-07-06,michael.jones.154@yahoo.com,505-305-3795,"318 Moran Valley, New Patriciachester, TX 99617",Mass Market,2022-10-14,Active,"{""preferred_channel"": ""Mobile App"", ""language"": ""es"", ""marketing_opt_in"": true, ""risk_appetite"": ""high""}"
155,Phillip,Horton,1997-12-05,phillip.horton.155@gmail.com,,"004 Daniel Hollow Apt. 459, Nelsonburgh, DC 76975",SME,2020-10-05,Dormant,"{""preferred_channel"": ""Mobile App"", ""language"": ""zh"", ""marketing_opt_in"": true, ""risk_appetite"": ""low""}"
156,Lisa,Gill,1961-07-11,lisa.gill.156@yahoo.com,001-572-881-2356x798,"2491 Steven Coves Apt. 307, West Anthony, TN 70085",Mass Market,2021-05-10,Active,"{""preferred_channel"": ""Branch"", ""language"": ""en"", ""marketing_opt_in"": true, ""risk_appetite"": ""medium""}"
157,Nicole,Lyons,1966-12-08,nicole.lyons.157@gmail.com,001-947-632-3549x4012,"51225 Thomas Bridge, Pattersontown, HI 35082",Mass Market,2020-04-05,Active,
158,Kim,Vincent,1980-09-23,kim.vincent.158@gmail.com,880-726-3257x039,"61487 Joseph Springs, Pamelafurt, OR 55196",Mass Market,2025-03-28,Active,"{""preferred_channel"": ""Email"", ""language"": ""zh"", ""marketing_opt_in"": true, ""risk_appetite"": ""medium""}"
159,Justin,Trevino,1992-07-02,justin.trevino.159@gmail.com,242-936-9143,"USNS Cain, FPO AP 51126",Mass Market,2022-11-14,Active,"{""preferred_channel"": ""Mobile App"", ""language"": ""zh"", ""marketing_opt_in"": true, ""risk_appetite"": ""medium""}"
160,Ronald,Fisher,1942-02-06,ronald.fisher.160@hotmail.com,7614294398,"62607 Combs Corner Apt. 415, Port Kellyfort, UT 43926",Mass Market,2020-04-26,Dormant,"{""preferred_channel"": ""Branch"", ""language"": ""en"", ""marketing_opt_in"": true, ""risk_appetite"": ""high""}"
161,Lori,Skinner,1996-02-04,lori.skinner.161@hotmail.com,591.962.0223x288,"197 Contreras Lock Suite 176, Hernandezport, NH 16246",Student,2021-09-07,Active,"{""preferred_channel"": ""Mobile App"", ""language"": ""en"", ""marketing_opt_in"": false, ""risk_appetite"": ""high""}"
162,Donna,Green,1980-04-05,donna.green.162@hotmail.com,(999)761-0023x117,"26610 Wilson Vista, South Kathryntown, HI 42595",Affluent,2023-03-12,Dormant,"{""preferred_channel"": ""Email"", ""language"": ""es"", ""marketing_opt_in"": true, ""risk_appetite"": ""medium""}"
163,Carlos,Patterson,1945-01-14,carlos.patterson.163@gmail.com,(784)211-7309,"6512 Jones Ports Apt. 898, Reginaldton, ND 91926",Mass Market,2019-12-23,Active,"{""preferred_channel"": ""Branch"", ""language"": ""zh"", ""marketing_opt_in"": true, ""risk_appetite"": ""medium""}"
164,William,Santos,1960-11-07,william.santos.164@gmail.com,9002389608,"266 Darrell Crest Suite 535, Hullbury, IN 12558",SME,2020-07-13,Active,"{""preferred_channel"": ""Phone"", ""language"": ""es"", ""marketing_opt_in"": false, ""risk_appetite"": ""medium""}"
165,Priscilla,Trevino,1960-10-20,,,"348 David Stream, North Tiffany, UT 58209",Mass Market,2020-08-26,Prospect,"{""preferred_channel"": ""Mobile App"", ""language"": ""zh"", ""marketing_opt_in"": true, ""risk_appetite"": ""low""}"
166,Jay,Johnson,1982-06-25,jay.johnson.166@yahoo.com,001-401-886-4876x9984,,Mass Market,2023-06-23,Active,
167,Monica,Douglas,1984-09-24,monica.douglas.167@gmail.com,+1-287-595-0830x44058,"718 Joel Islands, Mariachester, CA 84634",Affluent,2018-07-17,Active,"{""preferred_channel"": ""Phone"", ""language"": ""en"", ""marketing_opt_in"": true, ""risk_appetite"": ""high""}"
168,Kathryn,Banks,2005-05-28,kathryn.banks.168@gmail.com,001-989-986-8180,"435 Lauren Lake, South Leslie, DE 91343",Mass Market,2025-10-08,Dormant,"{""preferred_channel"": ""Phone"", ""language"": ""es"", ""marketing_opt_in"": true, ""risk_appetite"": ""medium""}"
169,Julia,Martinez,1969-07-22,julia.martinez.169@hotmail.com,(812)588-6652,"5999 Virginia Cape, Lake Samanthamouth, PW 54093",Mass Market,2016-07-22,Active,"{""preferred_channel"": ""Mobile App"", ""language"": ""zh"", ""marketing_opt_in"": true, ""risk_appetite"": ""low""}"
170,Phyllis,Riley,1969-03-26,phyllis.riley.170@yahoo.com,(752)620-3684x9951,,Student,2024-08-28,Active,"{""preferred_channel"": ""Email"", ""language"": ""es"", ""marketing_opt_in"": true, ""risk_appetite"": ""low""}"
171,Patricia,Johnson,1988-03-01,patricia.johnson.171@hotmail.com,938-400-3296x33472,"31830 Jones Point Apt. 206, Christinashire, IA 84087",Affluent,2017-03-21,Dormant,"{""preferred_channel"": ""Email"", ""language"": ""en"", ""marketing_opt_in"": true, ""risk_appetite"": ""high""}"
172,Pamela,Patton,,pamela.patton.172@yahoo.com,+1-656-967-6640x47350,"319 Anderson Plains, Lake Andrewfurt, CO 92871",Affluent,2016-10-28,Active,"{""preferred_channel"": ""Phone"", ""language"": ""en"", ""marketing_opt_in"": true, ""risk_appetite"": ""low""}"
173,Arthur,Brady,1965-11-29,arthur.brady.173@yahoo.com,(441)311-8600,"94568 Kevin Mount Apt. 149, Bennettchester, CO 29632",SME,2024-05-06,Active,"{""preferred_channel"": ""Branch"", ""language"": ""es"", ""marketing_opt_in"": true, ""risk_appetite"": ""medium""}"
174,Johnathan,Collins,1950-06-17,johnathan.collins.174@yahoo.com,001-599-760-4387x875,"811 Lyons Lane Apt. 028, East Jamesville, AZ 56099",Mass Market,2019-08-06,Active,"{""preferred_channel"": ""Branch"", ""language"": ""zh"", ""marketing_opt_in"": true, ""risk_appetite"": ""medium""}"
175,Alejandro,Butler,1944-10-11,alejandro.butler.175@gmail.com,333-718-7510x9792,"0344 Silva Inlet, Claudiafurt, KS 74047",Mass Market,2017-09-20,Active,"{""preferred_channel"": ""Email"", ""language"": ""en"", ""marketing_opt_in"": true, ""risk_appetite"": ""medium""}"
176,Vincent,Wilson,1965-11-16,vincent.wilson.176@yahoo.com,001-475-848-5819x324,"418 Pearson Fall Apt. 575, Lewisside, FM 25533",Mass Market,2021-10-26,Prospect,"{""preferred_channel"": ""Branch"", ""language"": ""zh"", ""marketing_opt_in"": true, ""risk_appetite"": ""high""}"
177,David,Barnes,1944-01-12,david.barnes.177@hotmail.com,001-705-218-4390x552,"USCGC Butler, FPO AP 88272",Mass Market,2024-09-03,Dormant,"{""preferred_channel"": ""Phone"", ""language"": ""es"", ""marketing_opt_in"": false, ""risk_appetite"": ""high""}"
178,Natalie,Harding,1986-07-09,natalie.harding.178@gmail.com,001-524-606-4242x9563,"4741 Kelly Lakes, Kelseyhaven, NV 83210",Affluent,2019-04-18,Dormant,"{""preferred_channel"": ""Phone"", ""language"": ""es"", ""marketing_opt_in"": true, ""risk_appetite"": ""high""}"
179,Matthew,Wong,2002-04-24,matthew.wong.179@yahoo.com,(878)820-7979,"5957 Evans Wells, Port Sarah, NY 14637",Student,2017-03-21,Active,"{""preferred_channel"": ""Email"", ""language"": ""zh"", ""marketing_opt_in"": false, ""risk_appetite"": ""medium""}"
180,Christopher,Sanchez,1997-09-21,christopher.sanchez.180@yahoo.com,9728517863,"62526 Villanueva Viaduct, Carlsonside, CA 45965",Affluent,2023-01-24,Churned,"{""preferred_channel"": ""Email"", ""language"": ""zh"", ""marketing_opt_in"": true, ""risk_appetite"": ""medium""}"
181,Michael,Oconnor,1967-09-21,michael.oconnor.181@gmail.com,(852)898-6707,"4197 Norman Station Suite 851, South Amanda, MS 88937",Mass Market,2022-10-10,Active,"{""preferred_channel"": ""Email"", ""language"": ""es"", ""marketing_opt_in"": true, ""risk_appetite"": ""high""}"
182,Amanda,Martinez,1973-10-09,amanda.martinez.182@yahoo.com,,"4660 Stephanie Glens, Port Ritaville, WY 25620",Mass Market,2017-08-30,Prospect,"{""preferred_channel"": ""Mobile App"", ""language"": ""en"", ""marketing_opt_in"": false, ""risk_appetite"": ""high""}"
183,Margaret,Matthews,1962-07-29,margaret.matthews.183@yahoo.com,480.855.5572x7738,"917 Miller Summit, Kevinmouth, NV 88909",Mass Market,2022-07-25,Active,"{""preferred_channel"": ""Phone"", ""language"": ""en"", ""marketing_opt_in"": true, ""risk_appetite"": ""high""}"
184,Daniel,Dyer,1992-01-07,daniel.dyer.184@yahoo.com,288.763.6774x72264,"169 Mccann Loop, Lake Anthony, IN 18663",Mass Market,2025-10-26,Active,"{""preferred_channel"": ""Mobile App"", ""language"": ""en"", ""marketing_opt_in"": false, ""risk_appetite"": ""high""}"
185,Danielle,Lara,,danielle.lara.185@gmail.com,371.800.6876,"USS Baldwin, FPO AP 85316",Affluent,2024-08-05,Active,"{""preferred_channel"": ""Mobile App"", ""language"": ""es"", ""marketing_opt_in"": true, ""risk_appetite"": ""high""}"
186,Kristin,Lyons,1980-08-21,kristin.lyons.186@gmail.com,(684)403-5954,"7422 Catherine Walks Suite 430, New Kevin, OR 02082",Mass Market,2021-11-24,Active,"{""preferred_channel"": ""Email"", ""language"": ""en"", ""marketing_opt_in"": false, ""risk_appetite"": ""high""}"
187,Alexander,Francis,1993-10-12,alexander.francis.187@gmail.com,001-335-206-1581x4888,"42337 Billy Rest, Andrealand, WA 25406",Mass Market,2024-05-28,Active,"{""preferred_channel"": ""Branch"", ""language"": ""es"", ""marketing_opt_in"": false, ""risk_appetite"": ""low""}"
188,Victoria,King,1958-08-18,victoria.king.188@hotmail.com,(558)778-4448,"712 Smith Pass Suite 722, Port Ryanport, CT 58591",SME,2020-04-15,Active,"{""preferred_channel"": ""Phone"", ""language"": ""zh"", ""marketing_opt_in"": true, ""risk_appetite"": ""medium""}"
189,Matthew,Gomez,1970-10-19,matthew.gomez.189@yahoo.com,001-966-606-0652,"44505 Gibbs Islands, Port Jason, NY 58186",Mass Market,2023-09-02,Active,"{""preferred_channel"": ""Mobile App"", ""language"": ""en"", ""marketing_opt_in"": true, ""risk_appetite"": ""low""}"
190,Christopher,Sanchez,,christopher.sanchez.190@yahoo.com,+1-584-402-1557,"5534 Munoz Brooks, North Dawn, NE 52445",Mass Market,2021-12-11,Active,"{""preferred_channel"": ""Phone"", ""language"": ""es"", ""marketing_opt_in"": true, ""risk_appetite"": ""medium""}"
191,Shannon,Gilmore,1984-06-13,shannon.gilmore.191@gmail.com,(695)278-6069,"03562 Foley Prairie Suite 873, Patriciashire, FL 25253",Mass Market,2023-08-10,Dormant,"{""preferred_channel"": ""Email"", ""language"": ""en"", ""marketing_opt_in"": true, ""risk_appetite"": ""low""}"
192,Christopher,Thompson,1989-06-26,christopher.thompson.192@gmail.com,(531)379-5563,"4817 Adrian Unions Suite 615, Sonyaland, NE 85960",SME,2025-05-08,Active,"{""preferred_channel"": ""Mobile App"", ""language"": ""zh"", ""marketing_opt_in"": true, ""risk_appetite"": ""high""}"
193,Hunter,Koch,1951-04-05,hunter.koch.193@yahoo.com,746.254.9500,"260 Farmer Stravenue, East Craig, MI 29690",Mass Market,2017-04-23,Dormant,"{""preferred_channel"": ""Branch"", ""language"": ""es"", ""marketing_opt_in"": false, ""risk_appetite"": ""low""}"
194,Donna,Murphy,1985-08-31,,294.425.6529x06032,"65097 Mathews Field, Hayesborough, NH 81937",Affluent,2025-12-15,Active,"{""preferred_channel"": ""Email"", ""language"": ""en"", ""marketing_opt_in"": true, ""risk_appetite"": ""low""}"
195,Tammy,Bonilla,,tammy.bonilla.195@hotmail.com,223.703.5892,"2129 Megan Terrace, New Sheri, RI 56077",Mass Market,2018-01-16,Active,"{""preferred_channel"": ""Mobile App"", ""language"": ""en"", ""marketing_opt_in"": false, ""risk_appetite"": ""medium""}"
196,David,Singh,1950-07-18,david.singh.196@yahoo.com,,"89721 Hutchinson Canyon Suite 417, Richardsfort, WV 38656",Mass Market,2025-08-29,Active,"{""preferred_channel"": ""Email"", ""language"": ""es"", ""marketing_opt_in"": true, ""risk_appetite"": ""high""}"
197,Laura,Finley,,laura.finley.197@gmail.com,(899)866-0577x980,"92051 Knapp Unions, Lake Stephenview, MI 90024",Mass Market,2021-12-21,Prospect,"{""preferred_channel"": ""Phone"", ""language"": ""es"", ""marketing_opt_in"": false, ""risk_appetite"": ""medium""}"
198,Linda,Huang,2005-06-14,linda.huang.198@yahoo.com,4138948848,"11964 Jennifer Place, Randyfurt, CT 97007",SME,2023-10-07,Active,
199,Pamela,Werner,1988-04-11,pamela.werner.199@yahoo.com,465-353-5851x253,"Unit 8785 Box 1935, DPO AP 92532",Affluent,2023-09-08,Dormant,"{""preferred_channel"": ""Mobile App"", ""language"": ""en"", ""marketing_opt_in"": false, ""risk_appetite"": ""low""}"
200,Amanda,Leonard,1978-12-20,,(828)495-0905x91191,"220 Chandler Isle, North Sophiashire, UT 90331",Student,2019-07-10,Active,"{""preferred_channel"": ""Phone"", ""language"": ""es"", ""marketing_opt_in"": true, ""risk_appetite"": ""high""}"
201,Kevin,Marsh,1965-09-15,,(439)772-8351,"282 Johnson Camp Apt. 441, Feliciashire, NC 22440",Affluent,2021-11-24,Active,"{""preferred_channel"": ""Email"", ""language"": ""en"", ""marketing_opt_in"": true, ""risk_appetite"": ""low""}"
202,James,Raymond,1969-10-22,james.raymond.202@gmail.com,207.515.8796x4740,"USNV Mcclain, FPO AP 75379",Mass Market,2020-06-24,Active,"{""preferred_channel"": ""Mobile App"", ""language"": ""en"", ""marketing_opt_in"": true, ""risk_appetite"": ""medium""}"
203,Margaret,Watson,1943-04-06,margaret.watson.203@gmail.com,+1-839-846-9434x606,"4906 Heather Mission, Lake Hannah, CA 84072",Mass Market,2024-08-05,Active,"{""preferred_channel"": ""Email"", ""language"": ""es"", ""marketing_opt_in"": false, ""risk_appetite"": ""high""}"
204,Joanna,Ramos,1985-04-17,joanna.ramos.204@hotmail.com,001-233-850-9025x42573,"132 Matthew Stravenue Suite 071, New Allison, OH 21616",Mass Market,2023-11-28,Dormant,"{""preferred_channel"": ""Phone"", ""language"": ""es"", ""marketing_opt_in"": true, ""risk_appetite"": ""low""}"
205,Cheyenne,Reed,1971-02-27,cheyenne.reed.205@gmail.com,885.632.4264x250,"8362 Clark Lodge Suite 677, Farleymouth, MN 44777",Affluent,2026-02-05,Active,"{""preferred_channel"": ""Branch"", ""language"": ""zh"", ""marketing_opt_in"": true, ""risk_appetite"": ""high""}"
206,Tonya,Becker,1983-10-28,tonya.becker.206@hotmail.com,226.357.3275,"00515 Harris Drive, West Mary, MN 82189",Mass Market,2023-11-29,Prospect,
207,Ashley,West,1973-08-29,ashley.west.207@hotmail.com,001-655-815-1229,"PSC 1354, Box 1597, APO AE 82009",Mass Market,2016-05-31,Active,"{""preferred_channel"": ""Mobile App"", ""language"": ""en"", ""marketing_opt_in"": false, ""risk_appetite"": ""medium""}"
208,William,Chaney,1988-04-24,william.chaney.208@gmail.com,(348)237-4417x158,"12512 Kimberly Way, North Jennifermouth, VI 81432",Mass Market,2020-06-17,Active,"{""preferred_channel"": ""Mobile App"", ""language"": ""es"", ""marketing_opt_in"": true, ""risk_appetite"": ""low""}"
209,Michelle,Brown,1940-08-24,michelle.brown.209@gmail.com,442.789.3113,"69496 Robinson Glen, Jillhaven, AL 86332",Affluent,2018-01-24,Prospect,
210,Joann,Cruz,1999-08-10,joann.cruz.210@yahoo.com,(826)950-6229x2310,"07624 Perez Oval Suite 662, Costaton, MI 14396",Mass Market,2025-09-18,Active,"{""preferred_channel"": ""Email"", ""language"": ""es"", ""marketing_opt_in"": true, ""risk_appetite"": ""high""}"
211,Teresa,Buchanan,1979-06-21,teresa.buchanan.211@yahoo.com,,"2951 Ford Stream, Carlfurt, WI 25821",Mass Market,2021-10-07,Active,"{""preferred_channel"": ""Phone"", ""language"": ""zh"", ""marketing_opt_in"": false, ""risk_appetite"": ""high""}"
212,Kathryn,Miller,2002-01-31,,,"0105 Wood Island, Piercechester, SD 42953",SME,2020-11-12,Prospect,"{""preferred_channel"": ""Mobile App"", ""language"": ""en"", ""marketing_opt_in"": false, ""risk_appetite"": ""low""}"
213,Matthew,Jones,1944-06-11,matthew.jones.213@yahoo.com,,"0033 Stephanie Dam, Marcusfurt, AK 67380",SME,2020-03-22,Active,"{""preferred_channel"": ""Email"", ""language"": ""en"", ""marketing_opt_in"": true, ""risk_appetite"": ""medium""}"
214,Mark,Green,1959-08-17,mark.green.214@gmail.com,698.563.2106x133,,Mass Market,2017-05-29,Active,"{""preferred_channel"": ""Email"", ""language"": ""en"", ""marketing_opt_in"": false, ""risk_appetite"": ""medium""}"
215,Laura,Beard,1952-02-03,laura.beard.215@gmail.com,937-398-4409,"16600 Reynolds Mountain, Thompsontown, OK 06272",Mass Market,2025-07-15,Active,"{""preferred_channel"": ""Email"", ""language"": ""es"", ""marketing_opt_in"": true, ""risk_appetite"": ""medium""}"
216,Karen,Simpson,1964-09-20,karen.simpson.216@yahoo.com,494-225-5778,"582 Tiffany Turnpike, Port Heather, CO 55417",Mass Market,2021-08-21,Active,"{""preferred_channel"": ""Mobile App"", ""language"": ""es"", ""marketing_opt_in"": true, ""risk_appetite"": ""high""}"
217,Stephanie,Lee,1960-05-01,stephanie.lee.217@gmail.com,(211)647-1656,"46997 Erin Bypass Suite 550, Jackiefurt, WV 71151",Mass Market,2016-05-18,Churned,"{""preferred_channel"": ""Phone"", ""language"": ""en"", ""marketing_opt_in"": true, ""risk_appetite"": ""low""}"
218,Paul,Buckley,1943-07-13,paul.buckley.218@hotmail.com,787-827-4204,"37730 Parsons Valley, Port Nicholas, ME 24444",Affluent,2022-10-02,Active,"{""preferred_channel"": ""Mobile App"", ""language"": ""es"", ""marketing_opt_in"": false, ""risk_appetite"": ""low""}"
219,Rebecca,Hutchinson,1951-03-27,rebecca.hutchinson.219@hotmail.com,(437)885-8471,"32426 Nathan Pass, North Aliciaview, OR 70037",Mass Market,2017-06-05,Churned,"{""preferred_channel"": ""Branch"", ""language"": ""zh"", ""marketing_opt_in"": true, ""risk_appetite"": ""low""}"
220,James,Barber,1970-10-22,james.barber.220@gmail.com,001-827-298-6239x8471,"205 Long Mountain, Kevinside, PA 43373",Mass Market,2019-12-15,Active,"{""preferred_channel"": ""Branch"", ""language"": ""zh"", ""marketing_opt_in"": true, ""risk_appetite"": ""high""}"
221,Donna,Tate,1949-09-09,donna.tate.221@hotmail.com,535-588-5379x8214,"75367 Randolph Mount Suite 249, West Davidfurt, GU 72680",Mass Market,2025-02-14,Active,
222,Patricia,Knight,1963-03-06,patricia.knight.222@hotmail.com,001-544-463-3399x9485,"26389 Stephanie Course Suite 711, Port Richard, IA 60729",SME,2016-04-25,Churned,"{""preferred_channel"": ""Branch"", ""language"": ""en"", ""marketing_opt_in"": false, ""risk_appetite"": ""medium""}"
223,Jamie,Thomas,,jamie.thomas.223@hotmail.com,(926)233-5564x3436,"170 Armstrong Lake, Smithchester, VA 58870",Mass Market,2016-12-27,Active,
224,Garrett,Jones,1982-06-11,garrett.jones.224@hotmail.com,+1-324-687-6230x3911,"178 Cummings Drives, East Kristin, MD 23018",Affluent,2024-12-07,Active,"{""preferred_channel"": ""Branch"", ""language"": ""en"", ""marketing_opt_in"": true, ""risk_appetite"": ""medium""}"
225,Alicia,Hayden,1964-04-14,alicia.hayden.225@hotmail.com,001-264-586-2872,"1966 Evans Burg Suite 730, South Kimberly, WV 19790",Mass Market,2025-08-25,Active,"{""preferred_channel"": ""Email"", ""language"": ""en"", ""marketing_opt_in"": true, ""risk_appetite"": ""high""}"
226,Melanie,Jones,1961-04-27,melanie.jones.226@hotmail.com,(501)728-4008,"9759 Mitchell Center Apt. 776, Lake Kimberlyshire, NY 09320",Mass Market,2019-07-13,Active,"{""preferred_channel"": ""Email"", ""language"": ""es"", ""marketing_opt_in"": false, ""risk_appetite"": ""high""}"
227,Kristin,Robinson,1951-06-25,kristin.robinson.227@hotmail.com,711.475.9574x9885,,Mass Market,2025-05-14,Active,"{""preferred_channel"": ""Branch"", ""language"": ""en"", ""marketing_opt_in"": true, ""risk_appetite"": ""high""}"
228,Eric,Kennedy,2003-12-23,eric.kennedy.228@gmail.com,437-776-9366x3439,"611 Christopher Street Apt. 286, Mosleyberg, AR 00774",SME,2016-07-09,Prospect,"{""preferred_channel"": ""Branch"", ""language"": ""en"", ""marketing_opt_in"": true, ""risk_appetite"": ""high""}"
229,Justin,Long,1951-04-16,justin.long.229@yahoo.com,958.444.6634x533,,SME,2019-08-09,Churned,"{""preferred_channel"": ""Phone"", ""language"": ""en"", ""marketing_opt_in"": true, ""risk_appetite"": ""low""}"
230,Eddie,Henson,1981-04-14,eddie.henson.230@yahoo.com,726.200.5595,"25848 Preston Ramp, South Kayla, VA 05668",Mass Market,2018-08-13,Dormant,"{""preferred_channel"": ""Phone"", ""language"": ""en"", ""marketing_opt_in"": true, ""risk_appetite"": ""high""}"
231,Amy,Butler,2004-12-29,amy.butler.231@hotmail.com,790-479-3884x1368,"61537 Cory Summit, Garyport, TN 34198",Affluent,2021-03-26,Active,"{""preferred_channel"": ""Phone"", ""language"": ""es"", ""marketing_opt_in"": true, ""risk_appetite"": ""low""}"
232,Linda,Mcguire,1944-07-13,linda.mcguire.232@gmail.com,528-483-7505x66186,"137 Hughes Row Suite 300, Lopezshire, MI 02745",Affluent,2017-01-29,Active,"{""preferred_channel"": ""Phone"", ""language"": ""zh"", ""marketing_opt_in"": false, ""risk_appetite"": ""low""}"
233,Juan,Atkinson,2006-07-12,,474-346-0045,"1145 Beasley Falls, New Lauren, IN 06933",Student,2026-01-11,Churned,"{""preferred_channel"": ""Branch"", ""language"": ""zh"", ""marketing_opt_in"": true, ""risk_appetite"": ""medium""}"
234,Laura,Miller,,laura.miller.234@hotmail.com,001-610-573-2283x608,"63963 Cooper Lodge, Bartlettport, KY 33141",Mass Market,2017-11-25,Active,"{""preferred_channel"": ""Mobile App"", ""language"": ""es"", ""marketing_opt_in"": true, ""risk_appetite"": ""low""}"
235,Miguel,Rowland,1975-07-03,,232.636.5337x746,"00784 Robert Heights Apt. 442, Hammondfort, WY 69915",Mass Market,2020-01-02,Active,"{""preferred_channel"": ""Email"", ""language"": ""zh"", ""marketing_opt_in"": false, ""risk_appetite"": ""high""}"
236,Christina,Lloyd,1952-08-28,christina.lloyd.236@yahoo.com,602.805.8695x07321,"369 Davis Mountains Apt. 350, Michaelbury, ND 44204",Mass Market,2021-07-07,Active,"{""preferred_channel"": ""Email"", ""language"": ""en"", ""marketing_opt_in"": false, ""risk_appetite"": ""high""}"
237,Julie,Mays,1972-08-02,julie.mays.237@yahoo.com,+1-520-673-6511,"7820 Tina Ports Apt. 432, East Joan, VA 24014",Affluent,2018-08-18,Active,"{""preferred_channel"": ""Email"", ""language"": ""en"", ""marketing_opt_in"": true, ""risk_appetite"": ""medium""}"
238,Jennifer,Reeves,1976-04-26,jennifer.reeves.238@hotmail.com,001-857-429-8937,"5493 James Hill Suite 871, Port Heatherton, IN 97101",Mass Market,2025-01-20,Active,"{""preferred_channel"": ""Email"", ""language"": ""en"", ""marketing_opt_in"": true, ""risk_appetite"": ""low""}"
239,Jeffrey,Fields,1982-09-16,jeffrey.fields.239@gmail.com,(381)757-2450x00000,"37178 Brown Roads, Lake Edwardstad, MD 50183",Affluent,2021-05-25,Churned,"{""preferred_channel"": ""Email"", ""language"": ""en"", ""marketing_opt_in"": true, ""risk_appetite"": ""medium""}"
240,Michael,Black,1967-10-09,,236-724-8355,"608 Colleen Center, Clarkchester, PA 81006",Mass Market,2021-07-08,Active,"{""preferred_channel"": ""Phone"", ""language"": ""es"", ""marketing_opt_in"": true, ""risk_appetite"": ""low""}"
241,Christine,Phillips,1979-01-28,christine.phillips.241@hotmail.com,+1-646-642-0362x58631,"4625 Todd Way, East Richardbury, VA 89073",Mass Market,2017-12-04,Dormant,"{""preferred_channel"": ""Branch"", ""language"": ""zh"", ""marketing_opt_in"": true, ""risk_appetite"": ""medium""}"
242,Jason,Booker,1953-06-07,jason.booker.242@hotmail.com,995-316-3211x197,"91373 Richard Islands, North Nicole, PR 05056",Mass Market,2024-06-15,Prospect,"{""preferred_channel"": ""Mobile App"", ""language"": ""zh"", ""marketing_opt_in"": true, ""risk_appetite"": ""high""}"
243,Haley,Cook,1974-01-14,haley.cook.243@hotmail.com,391-660-9365x9520,"941 Perez Locks, Coopertown, OR 18758",Mass Market,2022-08-02,Active,"{""preferred_channel"": ""Branch"", ""language"": ""en"", ""marketing_opt_in"": true, ""risk_appetite"": ""low""}"
244,Maria,Mccoy,1963-03-03,maria.mccoy.244@yahoo.com,(566)708-1126x0030,"62715 Cory Extensions, West Priscilla, MI 07323",Student,2023-12-31,Active,"{""preferred_channel"": ""Email"", ""language"": ""zh"", ""marketing_opt_in"": true, ""risk_appetite"": ""medium""}"
245,Hayley,Smith,1974-09-21,hayley.smith.245@hotmail.com,001-414-849-2074,"964 Davis Pike Suite 285, Walshshire, IA 19759",Mass Market,2024-06-09,Active,"{""preferred_channel"": ""Mobile App"", ""language"": ""en"", ""marketing_opt_in"": true, ""risk_appetite"": ""low""}"
246,Jeremy,Lawson,1985-04-09,jeremy.lawson.246@yahoo.com,+1-838-728-0405x6129,"9582 Guerrero Course, Berrystad, MT 83122",Mass Market,2019-06-23,Active,"{""preferred_channel"": ""Email"", ""language"": ""en"", ""marketing_opt_in"": true, ""risk_appetite"": ""high""}"
247,Paul,Harris,1953-05-13,paul.harris.247@hotmail.com,200-916-8094x14915,"839 May Road, North Jessica, IN 84059",SME,2017-01-10,Active,"{""preferred_channel"": ""Phone"", ""language"": ""es"", ""marketing_opt_in"": true, ""risk_appetite"": ""medium""}"
248,Sharon,Best,1988-10-31,sharon.best.248@gmail.com,556.417.8170,,Mass Market,2019-05-11,Active,"{""preferred_channel"": ""Branch"", ""language"": ""es"", ""marketing_opt_in"": true, ""risk_appetite"": ""medium""}"
249,Elizabeth,Jackson,,,,"63831 Amy Island Suite 053, Moyertown, NM 92620",Mass Market,2018-01-30,Active,"{""preferred_channel"": ""Mobile App"", ""language"": ""en"", ""marketing_opt_in"": true, ""risk_appetite"": ""low""}"
250,Dominic,Bradley,1991-07-23,dominic.bradley.250@gmail.com,+1-698-243-6998,"USNS Mcclain, FPO AE 43870",Mass Market,2025-11-27,Active,"{""preferred_channel"": ""Mobile App"", ""language"": ""zh"", ""marketing_opt_in"": true, ""risk_appetite"": ""medium""}"
251,Teresa,Simpson,1966-05-13,teresa.simpson.251@gmail.com,+1-296-787-2258x937,"2350 Ware Shore, Karlafurt, MS 95880",SME,2021-07-16,Dormant,"{""preferred_channel"": ""Mobile App"", ""language"": ""es"", ""marketing_opt_in"": true, ""risk_appetite"": ""low""}"
252,Jacob,Juarez,2003-08-10,,562-392-6933x58951,"5078 Huber Vista Suite 095, Mejiaport, GU 34803",Mass Market,2023-06-11,Active,"{""preferred_channel"": ""Mobile App"", ""language"": ""es"", ""marketing_opt_in"": false, ""risk_appetite"": ""high""}"
253,Christine,Lewis,1989-09-17,christine.lewis.253@hotmail.com,436-375-0094,"52769 Heather Pine, Hoffmanberg, WV 63155",Mass Market,2020-05-30,Active,"{""preferred_channel"": ""Phone"", ""language"": ""en"", ""marketing_opt_in"": true, ""risk_appetite"": ""high""}"
254,Heather,Duke,2003-08-20,heather.duke.254@gmail.com,5024453931,"5130 Morgan Bypass, Lake Cynthia, OH 97252",Mass Market,2016-06-20,Active,"{""preferred_channel"": ""Phone"", ""language"": ""zh"", ""marketing_opt_in"": true, ""risk_appetite"": ""medium""}"
255,Claire,Brown,2000-06-06,claire.brown.255@hotmail.com,264.472.3875,"172 Rachel Neck Suite 545, Timothyfurt, FL 75371",SME,2023-08-07,Active,"{""preferred_channel"": ""Phone"", ""language"": ""zh"", ""marketing_opt_in"": true, ""risk_appetite"": ""low""}"
256,Nicole,Moses,1994-07-30,nicole.moses.256@hotmail.com,001-714-738-8232,"835 Adams Crossing, Hardymouth, WA 97974",Affluent,2023-07-18,Active,"{""preferred_channel"": ""Email"", ""language"": ""zh"", ""marketing_opt_in"": true, ""risk_appetite"": ""medium""}"
257,Robyn,Sanchez,1995-06-16,robyn.sanchez.257@gmail.com,(656)908-3200,"889 Bailey Fords Suite 852, Lake Amanda, AR 98884",Affluent,2017-09-16,Active,"{""preferred_channel"": ""Branch"", ""language"": ""zh"", ""marketing_opt_in"": false, ""risk_appetite"": ""high""}"
258,Rhonda,Ray,1945-11-02,,001-471-391-2602,"767 Brian Rest, North Danielfurt, CT 17475",Mass Market,2026-02-20,Prospect,"{""preferred_channel"": ""Email"", ""language"": ""en"", ""marketing_opt_in"": false, ""risk_appetite"": ""high""}"
259,Sandra,Heath,1962-06-06,sandra.heath.259@gmail.com,(794)862-0935,"039 Anderson Square, Colonville, IN 59972",SME,2021-12-24,Active,"{""preferred_channel"": ""Branch"", ""language"": ""es"", ""marketing_opt_in"": true, ""risk_appetite"": ""high""}"
260,Rachel,Peterson,1998-12-22,rachel.peterson.260@hotmail.com,+1-903-740-3010x9567,"157 Watson Manors Apt. 347, East Maryview, NH 57410",Student,2018-10-29,Active,"{""preferred_channel"": ""Mobile App"", ""language"": ""en"", ""marketing_opt_in"": true, ""risk_appetite"": ""low""}"
261,William,Ortiz,1943-11-19,william.ortiz.261@hotmail.com,651.504.5847,"30096 Michael Wall, Seanchester, PA 33761",Affluent,2017-03-26,Active,"{""preferred_channel"": ""Email"", ""language"": ""es"", ""marketing_opt_in"": true, ""risk_appetite"": ""high""}"
262,Diana,Richards,2004-03-28,diana.richards.262@gmail.com,001-294-690-5315x204,"9873 James Ramp Suite 166, Curtisfurt, CT 19957",Affluent,2021-08-27,Active,"{""preferred_channel"": ""Phone"", ""language"": ""es"", ""marketing_opt_in"": true, ""risk_appetite"": ""medium""}"
263,Brian,Moore,1942-01-31,brian.moore.263@hotmail.com,+1-941-481-3599x8989,"PSC 1708, Box 8948, APO AE 09755",Affluent,2022-11-14,Active,"{""preferred_channel"": ""Branch"", ""language"": ""es"", ""marketing_opt_in"": false, ""risk_appetite"": ""medium""}"
264,Eric,Macdonald,1980-05-14,eric.macdonald.264@gmail.com,+1-768-582-7697x040,"96156 Troy Plaza Apt. 274, West Jennifer, MI 14526",Student,2022-12-17,Active,"{""preferred_channel"": ""Mobile App"", ""language"": ""zh"", ""marketing_opt_in"": true, ""risk_appetite"": ""low""}"
265,Amy,Smith,2005-07-05,amy.smith.265@gmail.com,986-488-3906x246,"Unit 8799 Box 1609, DPO AE 12190",Affluent,2025-11-22,Active,"{""preferred_channel"": ""Mobile App"", ""language"": ""es"", ""marketing_opt_in"": true, ""risk_appetite"": ""low""}"
266,Morgan,Terry,1993-10-13,morgan.terry.266@yahoo.com,(217)871-8249x8980,"41746 Kristin Villages, Cindyfurt, SC 49853",Mass Market,2018-12-14,Active,"{""preferred_channel"": ""Branch"", ""language"": ""es"", ""marketing_opt_in"": false, ""risk_appetite"": ""low""}"
267,Michael,Jones,1986-08-24,michael.jones.267@gmail.com,898.486.3653,"5906 Smith Burg Suite 248, Haroldport, PW 49828",SME,2017-01-01,Churned,
268,Kaylee,Rogers,1947-08-04,kaylee.rogers.268@hotmail.com,499-953-0062x21224,"746 Kathryn Ridge Apt. 601, East Juanville, CO 49326",Mass Market,2019-02-09,Active,"{""preferred_channel"": ""Email"", ""language"": ""en"", ""marketing_opt_in"": false, ""risk_appetite"": ""high""}"
269,Daniel,Martin,1957-04-20,daniel.martin.269@hotmail.com,001-775-636-5968x07852,"USNS Collins, FPO AE 88548",Mass Market,2018-04-03,Active,"{""preferred_channel"": ""Mobile App"", ""language"": ""es"", ""marketing_opt_in"": true, ""risk_appetite"": ""high""}"
270,Gene,Jones,1988-10-14,gene.jones.270@hotmail.com,+1-501-296-3045,"8824 Mark Forks, Alexanderville, NY 09561",Mass Market,2020-12-18,Active,"{""preferred_channel"": ""Email"", ""language"": ""zh"", ""marketing_opt_in"": true, ""risk_appetite"": ""high""}"
271,Amber,Cruz,1979-08-11,amber.cruz.271@hotmail.com,482.690.4579x27147,"98642 Anderson Ford, New Shannon, NC 31363",Affluent,2022-06-09,Active,"{""preferred_channel"": ""Email"", ""language"": ""zh"", ""marketing_opt_in"": false, ""risk_appetite"": ""low""}"
272,Maureen,Carlson,,maureen.carlson.272@hotmail.com,561.608.1435x6140,"PSC 3198, Box 0746, APO AP 84585",Mass Market,2024-11-23,Active,"{""preferred_channel"": ""Email"", ""language"": ""en"", ""marketing_opt_in"": true, ""risk_appetite"": ""medium""}"
273,Mario,Ross,2002-07-12,mario.ross.273@yahoo.com,001-697-408-9058x36683,"69708 Amber Point Apt. 787, West Anthonyshire, NE 24173",Mass Market,2024-05-24,Active,"{""preferred_channel"": ""Mobile App"", ""language"": ""en"", ""marketing_opt_in"": true, ""risk_appetite"": ""medium""}"
274,Kelly,Davis,1973-06-03,kelly.davis.274@yahoo.com,+1-421-818-8241x996,"97589 Shannon Valleys, Jenniferstad, KY 17788",Affluent,2023-09-12,Active,"{""preferred_channel"": ""Email"", ""language"": ""zh"", ""marketing_opt_in"": false, ""risk_appetite"": ""medium""}"
275,Frank,Castro,1989-04-03,frank.castro.275@yahoo.com,,"68507 Brian Keys Apt. 119, Theresaburgh, PR 61295",Mass Market,2019-07-01,Prospect,"{""preferred_channel"": ""Email"", ""language"": ""en"", ""marketing_opt_in"": true, ""risk_appetite"": ""medium""}"
276,Alejandra,Gutierrez,1954-09-22,alejandra.gutierrez.276@yahoo.com,(929)544-7161x982,"10450 Michael Points, Walkerburgh, CA 61878",Mass Market,2021-10-08,Active,"{""preferred_channel"": ""Email"", ""language"": ""en"", ""marketing_opt_in"": false, ""risk_appetite"": ""medium""}"
277,Richard,Taylor,1962-12-06,richard.taylor.277@yahoo.com,440.565.7955x156,"085 Rodriguez Park, Jessicaville, FM 31115",Mass Market,2016-09-09,Active,"{""preferred_channel"": ""Phone"", ""language"": ""zh"", ""marketing_opt_in"": true, ""risk_appetite"": ""high""}"
278,Ariel,Wiggins,1950-12-15,,001-201-951-5325x94795,"73279 Sarah Station Suite 031, North Toniport, TX 82033",Affluent,2016-10-23,Active,"{""preferred_channel"": ""Phone"", ""language"": ""zh"", ""marketing_opt_in"": true, ""risk_appetite"": ""low""}"
279,Michael,Brady,1986-11-13,michael.brady.279@yahoo.com,(205)261-0067,"018 Love Neck Suite 037, Heatherberg, VT 29049",Mass Market,2025-04-23,Active,"{""preferred_channel"": ""Branch"", ""language"": ""zh"", ""marketing_opt_in"": false, ""risk_appetite"": ""medium""}"
280,Kyle,Chase,1990-05-08,kyle.chase.280@gmail.com,001-806-605-3088,"16673 Christina Avenue, Peggymouth, PW 60340",Mass Market,2016-11-29,Active,
281,Max,Martin,1977-09-01,max.martin.281@gmail.com,362.919.2158,"161 Wesley Forest Suite 588, Lake Briannamouth, OK 98755",Affluent,2023-05-10,Active,"{""preferred_channel"": ""Email"", ""language"": ""zh"", ""marketing_opt_in"": true, ""risk_appetite"": ""high""}"
282,Tiffany,Taylor,1944-03-29,tiffany.taylor.282@gmail.com,547-243-2811x659,"03042 Melissa Curve, Jimenezberg, UT 14032",Affluent,2025-09-02,Prospect,"{""preferred_channel"": ""Email"", ""language"": ""es"", ""marketing_opt_in"": false, ""risk_appetite"": ""high""}"
283,Jeffery,Raymond,1957-01-29,jeffery.raymond.283@hotmail.com,+1-341-596-6229,"USCGC Tucker, FPO AP 07824",Affluent,2016-07-04,Dormant,"{""preferred_channel"": ""Phone"", ""language"": ""zh"", ""marketing_opt_in"": true, ""risk_appetite"": ""medium""}"
284,James,Bradford,1969-09-20,james.bradford.284@gmail.com,742-643-6258,"880 Avery Ranch, Lake Cindychester, FL 84317",Mass Market,2020-01-26,Active,"{""preferred_channel"": ""Branch"", ""language"": ""zh"", ""marketing_opt_in"": true, ""risk_appetite"": ""high""}"
285,Lauren,Adams,,lauren.adams.285@hotmail.com,335-836-5974x66986,"12545 Amanda Branch Suite 948, Port Matthewfurt, PA 19191",Mass Market,2023-12-09,Active,"{""preferred_channel"": ""Mobile App"", ""language"": ""en"", ""marketing_opt_in"": true, ""risk_appetite"": ""low""}"
286,Jennifer,Brown,1955-03-07,jennifer.brown.286@yahoo.com,410.408.1785,"USS Richardson, FPO AP 59042",Affluent,2021-11-18,Active,"{""preferred_channel"": ""Mobile App"", ""language"": ""es"", ""marketing_opt_in"": false, ""risk_appetite"": ""low""}"
287,Sara,Soto,1950-08-03,,+1-410-955-8000,"214 Luis Shore, North Ronald, PA 39969",SME,2019-10-15,Active,"{""preferred_channel"": ""Mobile App"", ""language"": ""es"", ""marketing_opt_in"": true, ""risk_appetite"": ""high""}"
288,Jimmy,Jackson,1992-08-20,jimmy.jackson.288@yahoo.com,793.989.9204,"3236 Miller Keys, South Randyton, OH 60678",Affluent,2022-08-13,Active,
289,Jose,Villarreal,1972-10-02,jose.villarreal.289@yahoo.com,,"Unit 5892 Box 2256, DPO AE 49918",Mass Market,2024-01-04,Active,"{""preferred_channel"": ""Branch"", ""language"": ""zh"", ""marketing_opt_in"": false, ""risk_appetite"": ""low""}"
290,Justin,Ross,,justin.ross.290@hotmail.com,(461)354-7055x491,"411 Rivera Groves Apt. 919, Vargasborough, OR 42580",Affluent,2021-12-04,Active,"{""preferred_channel"": ""Phone"", ""language"": ""zh"", ""marketing_opt_in"": true, ""risk_appetite"": ""low""}"
291,Stephanie,Wells,1969-03-18,stephanie.wells.291@yahoo.com,719.922.7607,"3394 Darius Course Suite 543, New Emilyshire, SC 44393",Mass Market,2016-12-16,Active,"{""preferred_channel"": ""Phone"", ""language"": ""es"", ""marketing_opt_in"": true, ""risk_appetite"": ""high""}"
292,Michaela,Johnson,1964-03-22,michaela.johnson.292@hotmail.com,473.909.6496,"952 Walker Ford, Lake Nathanmouth, VA 01543",Student,2020-04-13,Active,"{""preferred_channel"": ""Branch"", ""language"": ""en"", ""marketing_opt_in"": false, ""risk_appetite"": ""medium""}"
293,Janice,Hodge,1970-11-17,janice.hodge.293@gmail.com,001-546-240-8822,"97398 Garcia Estate Apt. 097, North Hayley, DE 63250",SME,2018-12-22,Active,"{""preferred_channel"": ""Email"", ""language"": ""es"", ""marketing_opt_in"": true, ""risk_appetite"": ""high""}"
294,Jasmine,Myers,1963-02-28,jasmine.myers.294@hotmail.com,508.661.9931x4584,"3113 Williams Ford Suite 236, Lake Joyce, AZ 33093",Affluent,2019-07-11,Active,"{""preferred_channel"": ""Email"", ""language"": ""en"", ""marketing_opt_in"": true, ""risk_appetite"": ""high""}"
295,Lacey,Richardson,1951-03-27,lacey.richardson.295@hotmail.com,+1-446-565-2752x332,"56913 Natalie Forks, East Jameschester, NH 58300",Mass Market,2016-09-07,Active,"{""preferred_channel"": ""Mobile App"", ""language"": ""en"", ""marketing_opt_in"": false, ""risk_appetite"": ""high""}"
296,Bonnie,Figueroa,1992-08-13,,922.324.0507x648,"754 Rodriguez Turnpike Apt. 406, Daniellebury, ND 58265",Mass Market,2026-03-18,Active,"{""preferred_channel"": ""Mobile App"", ""language"": ""zh"", ""marketing_opt_in"": false, ""risk_appetite"": ""low""}"
297,Sabrina,Daugherty,1998-05-13,sabrina.daugherty.297@yahoo.com,703-392-5199x9452,"27643 Angela Falls, North Michael, LA 20116",Mass Market,2016-12-15,Active,"{""preferred_channel"": ""Email"", ""language"": ""es"", ""marketing_opt_in"": true, ""risk_appetite"": ""high""}"
298,Ernest,Rich,1968-05-18,,(477)275-2259,"8129 Anthony Land Apt. 294, North Marcuschester, IL 06011",SME,2023-08-18,Churned,"{""preferred_channel"": ""Phone"", ""language"": ""en"", ""marketing_opt_in"": true, ""risk_appetite"": ""high""}"
299,Edwin,Herring,1945-05-28,edwin.herring.299@hotmail.com,281-358-2686x8764,"548 Pedro Inlet, Port Mary, AL 06082",Affluent,2017-12-11,Dormant,"{""preferred_channel"": ""Branch"", ""language"": ""es"", ""marketing_opt_in"": false, ""risk_appetite"": ""high""}"
300,Cheryl,Patel,,cheryl.patel.300@hotmail.com,689.311.7972x6999,"80036 Ortiz Street, Lake Aaron, AL 46092",Student,2024-03-05,Churned,"{""preferred_channel"": ""Email"", ""language"": ""zh"", ""marketing_opt_in"": true, ""risk_appetite"": ""medium""}"
